{
  "method": "cartesian_eef_correction",
  "description": "correction = EEF_success(t) - EEF_failed(t) in meters",
  "arch_version": "v4",
  "test_results": {
    "fail_auc": 0.8894657637321295,
    "fail_acc": 0.7927580893682589,
    "ttf_r2": 0.7387213706970215,
    "ttf_corr": 0.8620607995248556,
    "cosine_sim": 0.37335771322250366,
    "cosine_sim_median": 0.5650126338005066,
    "mag_r2": -0.7081699371337891,
    "mag_corr": 0.2194753730244182,
    "mean_error_m": 0.15696771442890167,
    "median_error_m": 0.11253881454467773,
    "X_r2": 0.07053560018539429,
    "X_corr": 0.325468095539681,
    "X_needs_auc": 0.7948756494527376,
    "X_dir_acc": 0.5763546798029556,
    "X_dir_auc": 0.5775939502816081,
    "Y_r2": 0.036199867725372314,
    "Y_corr": 0.3511069176642057,
    "Y_needs_auc": 0.7999584471695278,
    "Y_dir_acc": 0.7026074700493306,
    "Y_dir_auc": 0.69617918257249,
    "Z_r2": 0.07287633419036865,
    "Z_corr": 0.2986816226682679,
    "Z_needs_auc": 0.7726653387500866,
    "Z_dir_acc": 0.723175965665236,
    "Z_dir_auc": 0.6574821807019949
  },
  "model_params": 108677,
  "best_epoch": 30,
  "architecture": {
    "hidden_dim": 256,
    "input_norm": "LayerNorm(input_dim)",
    "dropout": 0.3,
    "activation": "GELU",
    "classification_loss": "BCEWithLogitsLoss(dynamic_pos_weight)",
    "regression_loss": "HuberLoss(delta=0.1)",
    "weight_decay": 0.001,
    "input_noise_std": 0.01,
    "corr_mag_penalty": 0.1,
    "early_stopping_patience": 20,
    "cosine_gap_stop": 0.2
  },
  "overfitting_check": {
    "auc_gap": 0.0522,
    "cos_gap": 0.0287
  }
}