{
  "mode": "strict_zero_shot_task_split",
  "status": "OK",
  "train_task_ids": [
    0,
    1,
    2,
    3,
    4,
    5,
    6,
    7
  ],
  "test_task_ids": [
    8,
    9
  ],
  "metrics": {
    "fail_auc": 0.6111393464577475,
    "fail_acc": 0.5997766195085629,
    "ttf_r2": 0.6300342082977295,
    "ttf_corr": 0.8141846177575716,
    "cosine_sim": 0.2948502004146576,
    "cosine_sim_median": 0.4141421914100647,
    "mag_r2": -0.6715825796127319,
    "mag_corr": -0.2826827928748584,
    "mean_error_m": 0.18081854283809662,
    "median_error_m": 0.1019524559378624,
    "X_r2": 0.0066162943840026855,
    "X_corr": 0.24186900075560802,
    "X_needs_auc": 0.40799944438968005,
    "X_dir_acc": 0.6579837618403248,
    "X_dir_auc": 0.6737258892533756,
    "Y_r2": -0.1827375888824463,
    "Y_corr": -0.17361866877796717,
    "Y_needs_auc": 0.5329701837682373,
    "Y_dir_acc": 0.5718572857619206,
    "Y_dir_auc": 0.4885728585785729,
    "Z_r2": -0.34351813793182373,
    "Z_corr": -0.036937937637109466,
    "Z_needs_auc": 0.6635959560434532,
    "Z_dir_acc": 0.7679873217115689,
    "Z_dir_auc": 0.44456658703245955,
    "n_test_succ": 100,
    "n_test_fail": 100,
    "n_train_rollouts": 799,
    "n_test_rollouts": 200
  }
}