{
  "failure_analysis": [
    {
      "rollout_id": 0,
      "task_id": 0,
      "trajectory_length": 220,
      "final_failure_prob": 0.9971219897270203,
      "initial_failure_prob": 0.98655104637146,
      "per_dim_risk": {
        "x": 0.07383173656454593,
        "y": 0.03823581157300995,
        "z": 0.11555719072881623,
        "roll": 0.009605620303505475,
        "pitch": 0.020849140395625677,
        "yaw": 0.016903192627564522,
        "gripper": 0.4404731614503683
      },
      "per_dim_action_error": {
        "x": 0.07608711536733723,
        "y": 0.03906871661868905,
        "z": 0.11874688938443691,
        "roll": 0.009866281334514978,
        "pitch": 0.02145034531036132,
        "yaw": 0.01735744551947449,
        "gripper": 0.44402231546965515
      },
      "ttf_pred_final": 2.137711524963379,
      "failure_prob_progression": [
        0.98655104637146,
        0.9562591910362244,
        0.856418251991272,
        0.9701129198074341,
        0.9957481026649475,
        0.9978761672973633,
        0.9981056451797485,
        0.9985059499740601,
        0.9985449314117432,
        0.997974693775177,
        0.9973880648612976
      ]
    },
    {
      "rollout_id": 1,
      "task_id": 0,
      "trajectory_length": 220,
      "final_failure_prob": 0.9948158860206604,
      "initial_failure_prob": 0.9918381571769714,
      "per_dim_risk": {
        "x": 0.0725134577628928,
        "y": 0.030979123330556493,
        "z": 0.11006455801087354,
        "roll": 0.010299693109280856,
        "pitch": 0.021752114179221432,
        "yaw": 0.014197652135905542,
        "gripper": 0.3270483433543036
      },
      "per_dim_action_error": {
        "x": 0.07735410858625057,
        "y": 0.03220612679917834,
        "z": 0.11515683746169639,
        "roll": 0.010785527587234207,
        "pitch": 0.022559879036493584,
        "yaw": 0.014927302084894244,
        "gripper": 0.33232748034325515
      },
      "ttf_pred_final": 7.0105299949646,
      "failure_prob_progression": [
        0.9918381571769714,
        0.9330498576164246,
        0.920883297920227,
        0.7411405444145203,
        0.9968419075012207,
        0.9941462278366089,
        0.9888414740562439,
        0.9958756566047668,
        0.9940152764320374,
        0.9916028380393982,
        0.9957183003425598
      ]
    },
    {
      "rollout_id": 2,
      "task_id": 0,
      "trajectory_length": 220,
      "final_failure_prob": 0.997137188911438,
      "initial_failure_prob": 0.9835283756256104,
      "per_dim_risk": {
        "x": 0.08662718970560848,
        "y": 0.038854290477869105,
        "z": 0.13339911791108955,
        "roll": 0.012690299647754436,
        "pitch": 0.02469739140758047,
        "yaw": 0.015936667873828518,
        "gripper": 0.4573883853028112
      },
      "per_dim_action_error": {
        "x": 0.08929570657897883,
        "y": 0.03992972337855909,
        "z": 0.13706920073796938,
        "roll": 0.013156105175158039,
        "pitch": 0.025358420503335314,
        "yaw": 0.016338831085833085,
        "gripper": 0.46259272620081904
      },
      "ttf_pred_final": 13.276895523071289,
      "failure_prob_progression": [
        0.9835283756256104,
        0.9539225697517395,
        0.8998018503189087,
        0.9758870601654053,
        0.9220426678657532,
        0.9954525828361511,
        0.9980364441871643,
        0.9988425970077515,
        0.9967554211616516,
        0.9972374439239502,
        0.9981334805488586
      ]
    },
    {
      "rollout_id": 3,
      "task_id": 0,
      "trajectory_length": 220,
      "final_failure_prob": 0.994511604309082,
      "initial_failure_prob": 0.48897793889045715,
      "per_dim_risk": {
        "x": 0.07077617170718105,
        "y": 0.03970643537291778,
        "z": 0.10752610425424305,
        "roll": 0.013504943818183028,
        "pitch": 0.01887783085585195,
        "yaw": 0.012495634306910017,
        "gripper": 0.33806580469516284
      },
      "per_dim_action_error": {
        "x": 0.08042542611590553,
        "y": 0.04427154317637555,
        "z": 0.11402051738639198,
        "roll": 0.01491408643321141,
        "pitch": 0.020289475759419168,
        "yaw": 0.01403931262479205,
        "gripper": 0.343794737349857
      },
      "ttf_pred_final": 5.489455223083496,
      "failure_prob_progression": [
        0.48897793889045715,
        0.7952315211296082,
        0.9568984508514404,
        0.9492236971855164,
        0.9948121309280396,
        0.998599112033844,
        0.9973087310791016,
        0.9946774244308472,
        0.9918871521949768,
        0.9856961965560913,
        0.988628625869751
      ]
    },
    {
      "rollout_id": 4,
      "task_id": 0,
      "trajectory_length": 220,
      "final_failure_prob": 0.9974237680435181,
      "initial_failure_prob": 0.637736439704895,
      "per_dim_risk": {
        "x": 0.05588976854947243,
        "y": 0.029253146418408513,
        "z": 0.10592290261805555,
        "roll": 0.007867431363607697,
        "pitch": 0.018253238923696583,
        "yaw": 0.014846723091175545,
        "gripper": 0.35036063808385387
      },
      "per_dim_action_error": {
        "x": 0.07112595418312377,
        "y": 0.036264923989668345,
        "z": 0.12962397909613116,
        "roll": 0.010500787214892374,
        "pitch": 0.021498646721108988,
        "yaw": 0.017312916657173705,
        "gripper": 0.3582372990521518
      },
      "ttf_pred_final": 3.4276933670043945,
      "failure_prob_progression": [
        0.637736439704895,
        0.09267617017030716,
        0.9101336598396301,
        0.9379886388778687,
        0.9980320334434509,
        0.9988603591918945,
        0.998847246170044,
        0.9985242486000061,
        0.9984973669052124,
        0.9985193610191345,
        0.9973264932632446
      ]
    },
    {
      "rollout_id": 5,
      "task_id": 0,
      "trajectory_length": 220,
      "final_failure_prob": 0.9873238801956177,
      "initial_failure_prob": 0.9314863085746765,
      "per_dim_risk": {
        "x": 0.07009100720706801,
        "y": 0.03601292944931765,
        "z": 0.10975750842342405,
        "roll": 0.010320104232933055,
        "pitch": 0.02102690710629945,
        "yaw": 0.013780847371684985,
        "gripper": 0.2915575930362262
      },
      "per_dim_action_error": {
        "x": 0.0738602616545999,
        "y": 0.03755725298255845,
        "z": 0.11530011131239083,
        "roll": 0.010815647317098682,
        "pitch": 0.0219129205408156,
        "yaw": 0.014398219684327451,
        "gripper": 0.3003657414154573
      },
      "ttf_pred_final": 5.233381748199463,
      "failure_prob_progression": [
        0.9314863085746765,
        0.8503696918487549,
        0.9790160655975342,
        0.9823087453842163,
        0.9752140641212463,
        0.9959832429885864,
        0.9929895401000977,
        0.9725301861763,
        0.9659098982810974,
        0.9710063338279724,
        0.9876070618629456
      ]
    },
    {
      "rollout_id": 6,
      "task_id": 0,
      "trajectory_length": 220,
      "final_failure_prob": 0.9982596039772034,
      "initial_failure_prob": 0.9753744006156921,
      "per_dim_risk": {
        "x": 0.09089945797155566,
        "y": 0.042671350536414285,
        "z": 0.08029254806278067,
        "roll": 0.011272746532816789,
        "pitch": 0.017633886556909006,
        "yaw": 0.008938021489895906,
        "gripper": 0.08862802105630203
      },
      "per_dim_action_error": {
        "x": 0.09462508196772733,
        "y": 0.04446188387940644,
        "z": 0.08743743065668831,
        "roll": 0.011793910730344973,
        "pitch": 0.01845101793771249,
        "yaw": 0.009991339980340503,
        "gripper": 0.09486499428749084
      },
      "ttf_pred_final": 6.756701946258545,