{
  "openvla": {
    "label": "openvla",
    "platt_a": 0.15626324713230133,
    "platt_b": 1.7212506532669067,
    "val_steps": 13003,
    "test_steps": 8496,
    "test_raw": {
      "auc": 0.9254647379867378,
      "ece": 0.16394243998875793,
      "brier": 0.16123981773853302,
      "frac_above_0.99": 0.6270009416195856,
      "mean_prob": 0.6574044823646545
    },
    "test_calibrated": {
      "auc": 0.9258890317687006,
      "ece": 0.06542510622779085,
      "brier": 0.1039644107222557,
      "frac_above_0.99": 0.0,
      "mean_prob": 0.7939534783363342
    }
  },
  "act": {
    "label": "act",
    "platt_a": 0.7435285449028015,
    "platt_b": 1.199608564376831,
    "val_steps": 33240,
    "test_steps": 20384,
    "test_raw": {
      "auc": 0.8889617147653173,
      "ece": 0.10537527811532042,
      "brier": 0.14557819068431854,
      "frac_above_0.99": 0.37544152276295134,
      "mean_prob": 0.5656182765960693
    },
    "test_calibrated": {
      "auc": 0.8889617147653174,
      "ece": 0.06228686479418106,
      "brier": 0.13124455511569977,
      "frac_above_0.99": 0.3762264521193093,
      "mean_prob": 0.7242762446403503
    }
  }
}