{
  "OpenVLA (4096-d)": {
    "auc": 0.9254647379867378,
    "thr_0.50": {
      "precision": 0.9442552428750672,
      "recall": 0.8257053291536051,
      "f1": 0.8810101179028347,
      "accuracy": 0.8325094161958568,
      "fire_rate": 0.6566619585687382
    },
    "thr_0.80": {
      "precision": 0.9436900235379323,
      "recall": 0.8169278996865204,
      "f1": 0.8757456103503318,
      "accuracy": 0.8259180790960452,
      "fire_rate": 0.6500706214689266
    },
    "thr_0.99": {
      "precision": 0.9521306551529942,
      "recall": 0.7949843260188088,
      "f1": 0.8664901341077987,
      "accuracy": 0.8160310734463276,
      "fire_rate": 0.6270009416195856
    }
  },
  "ACT (256-d)": {
    "auc": 0.8889617147653173,
    "thr_0.50": {
      "precision": 0.9588118811881188,
      "recall": 0.7173333333333334,
      "f1": 0.820677966101695,
      "accuracy": 0.792386185243328,
      "fire_rate": 0.4954866562009419
    },
    "thr_0.80": {
      "precision": 0.9822251481237656,
      "recall": 0.6631111111111111,
      "f1": 0.791721942159724,
      "accuracy": 0.768936420722135,
      "fire_rate": 0.44711538461538464
    },
    "thr_0.99": {
      "precision": 0.9962106363517574,
      "recall": 0.5647407407407408,
      "f1": 0.7208433791897131,
      "accuracy": 0.7103120094191523,
      "fire_rate": 0.37544152276295134
    }
  }
}