{
  "seed": 42,
  "per_corpus": {
    "openvla": {
      "p_term/eef_only": {
        "mode": "eef_only",
        "target": "p_term",
        "n_train": 7840,
        "n_test": 1064,
        "axes": {
          "x": {
            "r": 0.641160238422336,
            "r2": 0.3484395146369934,
            "sign_auc": 0.8579537172011661
          },
          "y": {
            "r": 0.408425060732733,
            "r2": 0.1412411332130432,
            "sign_auc": 0.9508411472697187
          },
          "z": {
            "r": 0.28860333809776034,
            "r2": 0.05941230058670044,
            "sign_auc": NaN
          }
        },
        "euclid_err_cm_mean": 5.83544921875,
        "euclid_err_cm_median": 4.249452114105225,
        "euclid_err_cm_constant_mean_baseline": 6.546478748321533
      },
      "p_term/hidden": {
        "mode": "hidden",
        "target": "p_term",
        "n_train": 7840,
        "n_test": 1064,
        "axes": {
          "x": {
            "r": 0.7498847450944429,
            "r2": 0.44992566108703613,
            "sign_auc": 0.816358418367347
          },
          "y": {
            "r": 0.27563600182344367,
            "r2": -0.27919065952301025,
            "sign_auc": 0.5921125206839493
          },
          "z": {
            "r": 0.22765672333455636,
            "r2": -0.12009477615356445,
            "sign_auc": NaN
          }
        },
        "euclid_err_cm_mean": 5.989970684051514,
        "euclid_err_cm_median": 4.421700477600098,
        "euclid_err_cm_constant_mean_baseline": 6.546478748321533
      },
      "p_term/hidden_eef": {
        "mode": "hidden_eef",
        "target": "p_term",
        "n_train": 7840,
        "n_test": 1064,
        "axes": {
          "x": {
            "r": 0.7517100683006167,
            "r2": 0.4544864296913147,
            "sign_auc": 0.8194014212827988
          },
          "y": {
            "r": 0.27876763875420185,
            "r2": -0.2739311456680298,
            "sign_auc": 0.5999379481522339
          },
          "z": {
            "r": 0.2232403641020392,
            "r2": -0.12473869323730469,
            "sign_auc": NaN
          }
        },
        "euclid_err_cm_mean": 5.981531620025635,
        "euclid_err_cm_median": 4.380710601806641,
        "euclid_err_cm_constant_mean_baseline": 6.546478748321533
      },
      "dp/eef_only": {
        "mode": "eef_only",
        "target": "dp",
        "n_train": 7840,
        "n_test": 1064,
        "axes": {
          "x": {
            "r": 0.8095164467934863,
            "r2": 0.6217203736305237,
            "sign_auc": 0.7973977695167286
          },
          "y": {
            "r": 0.91084767010983,
            "r2": 0.8244175910949707,
            "sign_auc": 0.876594719354757
          },
          "z": {
            "r": 0.8914849996616905,
            "r2": 0.7919835448265076,
            "sign_auc": 0.8471939682504774
          }
        },
        "euclid_err_cm_mean": 5.835654258728027,
        "euclid_err_cm_median": 4.248281478881836,
        "euclid_err_cm_constant_mean_baseline": 13.712641716003418
      },
      "dp/hidden": {
        "mode": "hidden",
        "target": "dp",
        "n_train": 7840,
        "n_test": 1064,
        "axes": {
          "x": {
            "r": 0.8399808110207009,
            "r2": 0.6622669696807861,
            "sign_auc": 0.7928993455552886
          },
          "y": {
            "r": 0.8707880512892262,
            "r2": 0.7450022101402283,
            "sign_auc": 0.8394564638445736
          },
          "z": {
            "r": 0.8666730015014099,
            "r2": 0.7339760065078735,
            "sign_auc": 0.8554923888381845
          }
        },
        "euclid_err_cm_mean": 6.170388221740723,
        "euclid_err_cm_median": 4.5826735496521,
        "euclid_err_cm_constant_mean_baseline": 13.712641716003418
      },
      "dp/hidden_eef": {
        "mode": "hidden_eef",
        "target": "dp",
        "n_train": 7840,
        "n_test": 1064,
        "axes": {
          "x": {
            "r": 0.8488130120066261,
            "r2": 0.6806997060775757,
            "sign_auc": 0.7897755381853646
          },
          "y": {
            "r": 0.87207408461639,
            "r2": 0.7461410760879517,
            "sign_auc": 0.8389174930884926
          },
          "z": {
            "r": 0.8717482059338798,
            "r2": 0.7452179193496704,
            "sign_auc": 0.8621413883726812
          }
        },
        "euclid_err_cm_mean": 5.97402811050415,
        "euclid_err_cm_median": 4.403480052947998,
        "euclid_err_cm_constant_mean_baseline": 13.712641716003418
      },
      "early": {
        "eef_only": {
          "n_test": 266,
          "sign_auc_axes": {
            "x": 0.7649389925956827,
            "y": 0.9045386746217772,
            "z": 0.8729812309035355
          },
          "euclid_err_cm_mean": 8.699115753173828
        },
        "hidden": {
          "n_test": 266,
          "sign_auc_axes": {
            "x": 0.8709980185629367,
            "y": 0.8877050926912423,
            "z": 0.8651243998254038
          },
          "euclid_err_cm_mean": 7.645878314971924
        },
        "hidden_eef": {
          "n_test": 266,
          "sign_auc_axes": {
            "x": 0.8751694650119929,
            "y": 0.8885574259535478,
            "z": 0.8702167903390077
          },
          "euclid_err_cm_mean": 7.450184345245361
        }
      }
    },
    "act": {
      "p_term/eef_only": {
        "mode": "eef_only",
        "target": "p_term",
        "n_train": 14250,
        "n_test": 1900,
        "axes": {
          "x": {
            "r": 0.3523083772782612,
            "r2": 0.12111455202102661,
            "sign_auc": 0.9372547322253002
          },
          "y": {
            "r": -0.038395667178494554,
            "r2": -1.5250625610351562,
            "sign_auc": NaN
          },
          "z": {
            "r": 0.04970707816058168,
            "r2": -0.494584321975708,
            "sign_auc": NaN
          }
        },
        "euclid_err_cm_mean": 6.100025177001953,
        "euclid_err_cm_median": 3.9598915576934814,
        "euclid_err_cm_constant_mean_baseline": 5.635120868682861
      },
      "p_term/hidden": {
        "mode": "hidden",
        "target": "p_term",
        "n_train": 14250,
        "n_test": 1900,
        "axes": {
          "x": {
            "r": 0.4867659270150258,
            "r2": 0.23669087886810303,
            "sign_auc": 0.9523170590951062
          },
          "y": {
            "r": 0.15943168292370888,
            "r2": -1.2483694553375244,
            "sign_auc": NaN
          },
          "z": {
            "r": 0.17726596408368123,
            "r2": -0.5905331373214722,
            "sign_auc": NaN
          }
        },
        "euclid_err_cm_mean": 5.726725101470947,
        "euclid_err_cm_median": 3.9839870929718018,
        "euclid_err_cm_constant_mean_baseline": 5.635120868682861
      },
      "p_term/hidden_eef": {
        "mode": "hidden_eef",
        "target": "p_term",
        "n_train": 14250,
        "n_test": 1900,
        "axes": {
          "x": {
            "r": 0.4867683137233295,
            "r2": 0.2366931438446045,
            "sign_auc": 0.9523098453370268
          },
          "y": {
            "r": 0.1594337351529502,
            "r2": -1.248373031616211,
            "sign_auc": NaN
          },
          "z": {
            "r": 0.17728197465303333,
            "r2": -0.5905361175537109,
            "sign_auc": NaN
          }
        },
        "euclid_err_cm_mean": 5.7267351150512695,
        "euclid_err_cm_median": 3.984043836593628,
        "euclid_err_cm_constant_mean_baseline": 5.635120868682861
      },
      "dp/eef_only": {
        "mode": "eef_only",
        "target": "dp",
        "n_train": 14250,
        "n_test": 1900,
        "axes": {
          "x": {
            "r": 0.7768441474860232,
            "r2": 0.6020895838737488,