{
  "mode": "strict_zero_shot_task_split",
  "status": "OK",
  "train_task_ids": [
    0,
    1,
    2,
    3,
    4,
    5,
    6,
    7
  ],
  "test_task_ids": [
    8,
    9
  ],
  "metrics": {
    "fail_auc": 0.5825806883621267,
    "fail_acc": 0.5954951600893522,
    "ttf_r2": 0.6434760093688965,
    "ttf_corr": 0.8243019260716862,
    "cosine_sim": 0.3342292308807373,
    "cosine_sim_median": 0.5381524562835693,
    "mag_r2": -0.6917794942855835,
    "mag_corr": -0.3369207248266533,
    "mean_error_m": 0.1801397055387497,
    "median_error_m": 0.0982997789978981,
    "X_r2": -0.08265125751495361,
    "X_corr": 0.07017474220832855,
    "X_needs_auc": 0.3328749921587253,
    "X_dir_acc": 0.6082543978349121,
    "X_dir_auc": 0.5685902351771832,
    "Y_r2": -0.15115618705749512,
    "Y_corr": -0.13075528577445528,
    "Y_needs_auc": 0.5074587300978399,
    "Y_dir_acc": 0.6488829609869957,
    "Y_dir_auc": 0.5542990267673932,
    "Z_r2": -0.35922396183013916,
    "Z_corr": 0.018338871685634542,
    "Z_needs_auc": 0.5397435320070311,
    "Z_dir_acc": 0.7064976228209192,
    "Z_dir_auc": 0.5077494986633322,
    "n_test_succ": 100,
    "n_test_fail": 100,
    "n_train_rollouts": 799,
    "n_test_rollouts": 200
  }
}