{
  "method": "cartesian_eef_correction",
  "description": "correction = EEF_success(t) - EEF_failed(t) in meters",
  "arch_version": "v4",
  "test_results": {
    "fail_auc": 0.8317200112260243,
    "fail_acc": 0.7728611758929668,
    "ttf_r2": 0.7411094903945923,
    "ttf_corr": 0.8628468029648649,
    "cosine_sim": 0.6056057214736938,
    "cosine_sim_median": 0.793997049331665,
    "mag_r2": 0.3368679881095886,
    "mag_corr": 0.7647887334698378,
    "mean_error_m": 0.11529336124658585,
    "median_error_m": 0.08865797519683838,
    "X_r2": 0.3405473232269287,
    "X_corr": 0.6192605337771572,
    "X_needs_auc": 0.7778266965777125,
    "X_dir_acc": 0.8264523584410127,
    "X_dir_auc": 0.851459301047091,
    "Y_r2": 0.601039469242096,
    "Y_corr": 0.7962230015439512,
    "Y_needs_auc": 0.803533188931467,
    "Y_dir_acc": 0.8123477708355396,
    "Y_dir_auc": 0.8802155983433095,
    "Z_r2": 0.6744199991226196,
    "Z_corr": 0.830401060832312,
    "Z_needs_auc": 0.7632929548203854,
    "Z_dir_acc": 0.7053691972167411,
    "Z_dir_auc": 0.7789018376344681
  },
  "model_params": 1099397,
  "best_epoch": 73,
  "architecture": {
    "hidden_dim": 256,
    "input_norm": "LayerNorm(input_dim)",
    "dropout": 0.3,
    "activation": "GELU",
    "classification_loss": "BCEWithLogitsLoss(dynamic_pos_weight)",
    "regression_loss": "HuberLoss(delta=0.1)",
    "weight_decay": 0.001,
    "input_noise_std": 0.01,
    "corr_mag_penalty": 0.1,
    "early_stopping_patience": 20,
    "cosine_gap_stop": 0.2
  },
  "overfitting_check": {
    "auc_gap": 0.0433,
    "cos_gap": 0.1001
  }
}