{
  "mode": "strict_zero_shot_task_split",
  "status": "OK",
  "train_task_ids": [
    0,
    1,
    2,
    3,
    4,
    5
  ],
  "test_task_ids": [
    6,
    7,
    8,
    9
  ],
  "metrics": {
    "fail_auc": 0.7408643477672988,
    "fail_acc": 0.7103789434384917,
    "ttf_r2": 0.5417248010635376,
    "ttf_corr": 0.750255061943073,
    "cosine_sim": 0.26400062441825867,
    "cosine_sim_median": 0.2814646065235138,
    "mag_r2": -0.9944607019424438,
    "mag_corr": -0.24127657162941132,
    "mean_error_m": 0.2018042355775833,
    "median_error_m": 0.16341175138950348,
    "X_r2": -0.18252170085906982,
    "X_corr": -0.10571360420255757,
    "X_needs_auc": 0.5855687004894174,
    "X_dir_acc": 0.48763474952441344,
    "X_dir_auc": 0.36841224369509173,
    "Y_r2": -0.17352378368377686,
    "Y_corr": 0.0993031933393683,
    "Y_needs_auc": 0.5532788590294431,
    "Y_dir_acc": 0.6972637607381482,
    "Y_dir_auc": 0.6030350364356765,
    "Z_r2": -0.13028192520141602,
    "Z_corr": 0.004026918071393935,
    "Z_needs_auc": 0.6500484780122978,
    "Z_dir_acc": 0.6960495739736638,
    "Z_dir_auc": 0.5884051950045694,
    "n_test_succ": 200,
    "n_test_fail": 200,
    "n_train_rollouts": 599,
    "n_test_rollouts": 400
  }
}