{
  "test_results": {
    "fail_auc": 0.8132811209147087,
    "fail_acc": 0.7334832724205791,
    "ttf_r2": 0.8534623384475708,
    "ttf_corr": 0.9255434188917776,
    "dim_X_dev_auc": 0.8074069140193835,
    "dim_X_dir_acc": 0.9088785046728972,
    "dim_X_dir_auc": 0.9714097860612574,
    "dim_Y_dev_auc": 0.847029344759052,
    "dim_Y_dir_acc": 0.9054878048780488,
    "dim_Y_dir_auc": 0.9701479971641263,
    "dim_Z_dev_auc": 0.8021005823194858,
    "dim_Z_dir_acc": 0.9313264346190028,
    "dim_Z_dir_auc": 0.966239409476019,
    "dim_Roll_dev_auc": 0.9200582190656497,
    "dim_Roll_dir_acc": 0.7881773399014779,
    "dim_Roll_dir_auc": 0.8661937317748536,
    "dim_Pitch_dev_auc": 0.8955143398322061,
    "dim_Pitch_dir_acc": 0.8372703412073491,
    "dim_Pitch_dir_auc": 0.9345604975290134,
    "dim_Yaw_dev_auc": 0.9551397101635072,
    "dim_Yaw_dir_acc": 0.8729508196721312,
    "dim_Yaw_dir_auc": 0.923606314119784,
    "dim_Gripper_dev_auc": 0.8687677588187696,
    "dim_Gripper_dir_acc": 0.9474412171507607,
    "dim_Gripper_dir_auc": 0.9913728432108027
  },
  "per_task_results": {
    "0": {
      "fail_auc": 0.9329630639225842,
      "fail_acc": 0.8629605688429218,
      "ttf_r2": 0.9188022613525391,
      "ttf_corr": 0.9588230554775553,
      "dim_X_dev_auc": 0.8746666361178573,
      "dim_X_dir_acc": 0.9394904458598726,
      "dim_X_dir_auc": 0.9864636209813875,
      "dim_Y_dev_auc": 0.8761406350721217,
      "dim_Y_dir_acc": 0.7931034482758621,
      "dim_Y_dir_auc": 0.8750645994832041,
      "dim_Z_dev_auc": 0.8769417935776784,
      "dim_Z_dir_acc": 0.9552941176470588,
      "dim_Z_dir_auc": 0.9916799999999999,
      "dim_Roll_dev_auc": 0.9381962819729966,
      "dim_Roll_dir_acc": 0.6813725490196079,
      "dim_Roll_dir_auc": 0.7471554993678887,
      "dim_Pitch_dev_auc": 0.9426427721918021,
      "dim_Pitch_dir_acc": 0.7052023121387283,
      "dim_Pitch_dir_auc": 0.7721865811280407,
      "dim_Yaw_dev_auc": 0.9444235169373292,
      "dim_Yaw_dir_acc": 0.6919191919191919,
      "dim_Yaw_dir_auc": 0.77199263502455,
      "dim_Gripper_dev_auc": 0.876304271474313,
      "dim_Gripper_dir_acc": 1.0,
      "dim_Gripper_dir_auc": 1.0
    },
    "1": {
      "fail_auc": 0.9737153426972648,
      "fail_acc": 0.9117872666837126,
      "ttf_r2": 0.9358229637145996,
      "ttf_corr": 0.9697274119016761,
      "dim_X_dev_auc": 0.8993671464143905,
      "dim_X_dir_acc": 0.9307086614173228,
      "dim_X_dir_auc": 0.976342411659339,
      "dim_Y_dev_auc": 0.8507195064803545,
      "dim_Y_dir_acc": 0.9223300970873787,
      "dim_Y_dir_auc": 0.9833104016777486,
      "dim_Z_dev_auc": 0.9175774935872933,
      "dim_Z_dir_acc": 0.9567164179104478,
      "dim_Z_dir_auc": 0.992443775963329,
      "dim_Roll_dev_auc": 0.8461399037842111,
      "dim_Roll_dir_acc": 0.8649237472766884,
      "dim_Roll_dir_auc": 0.9440834627642647,
      "dim_Pitch_dev_auc": 0.8883809737351537,
      "dim_Pitch_dir_acc": 0.8738738738738738,
      "dim_Pitch_dir_auc": 0.9551720694934435,
      "dim_Yaw_dev_auc": 0.8787658533598237,
      "dim_Yaw_dir_acc": 0.8827586206896552,
      "dim_Yaw_dir_auc": 0.9373337274608337,
      "dim_Gripper_dev_auc": 0.9328209396646046,
      "dim_Gripper_dir_acc": 0.9987063389391979,
      "dim_Gripper_dir_auc": 0.9999932276852228
    },
    "2": {
      "fail_auc": 0.9774966190833959,
      "fail_acc": 0.9632034632034632,
      "ttf_r2": 0.9776571393013,
      "ttf_corr": 0.9892130564187476,
      "dim_X_dev_auc": 0.8804827451059891,
      "dim_X_dir_acc": 0.9293924466338259,
      "dim_X_dir_auc": 0.9804218030213346,
      "dim_Y_dev_auc": 0.9392165039862341,
      "dim_Y_dir_acc": 0.9213836477987422,
      "dim_Y_dir_auc": 0.9710123030433844,
      "dim_Z_dev_auc": 0.8981750916149913,
      "dim_Z_dir_acc": 0.9235880398671097,
      "dim_Z_dir_auc": 0.9792270531400966,
      "dim_Roll_dev_auc": 0.9391654662749642,
      "dim_Roll_dir_acc": 0.7329842931937173,
      "dim_Roll_dir_auc": 0.8206102665785414,
      "dim_Pitch_dev_auc": 0.9380858777165595,
      "dim_Pitch_dir_acc": 0.696969696969697,
      "dim_Pitch_dir_auc": 0.7779764946346448,
      "dim_Yaw_dev_auc": 0.9403361264156719,
      "dim_Yaw_dir_acc": 0.7373737373737373,
      "dim_Yaw_dir_auc": 0.8065406234031681,
      "dim_Gripper_dev_auc": 0.9734017688708136,
      "dim_Gripper_dir_acc": 0.9915966386554622,
      "dim_Gripper_dir_auc": 0.9996379025505239
    },
    "3": {
      "fail_auc": 0.9379568884723524,
      "fail_acc": 0.8875675675675676,
      "ttf_r2": 0.9212362766265869,
      "ttf_corr": 0.9598701029310381,
      "dim_X_dev_auc": 0.870514796117588,
      "dim_X_dir_acc": 0.8629441624365483,
      "dim_X_dir_auc": 0.8913514370245139,
      "dim_Y_dev_auc": 0.886792617281196,
      "dim_Y_dir_acc": 0.9060913705583756,
      "dim_Y_dir_auc": 0.944806363374604,
      "dim_Z_dev_auc": 0.8336195414066027,
      "dim_Z_dir_acc": 0.9275618374558304,
      "dim_Z_dir_auc": 0.9816187888198757,
      "dim_Roll_dev_auc": 0.8724998063366644,
      "dim_Roll_dir_acc": 0.6820512820512821,
      "dim_Roll_dir_auc": 0.7136547467007237,
      "dim_Pitch_dev_auc": 0.8864878689708434,
      "dim_Pitch_dir_acc": 0.5865921787709497,
      "dim_Pitch_dir_auc": 0.663165791447862,
      "dim_Yaw_dev_auc": 0.8424567152698084,
      "dim_Yaw_dir_acc": 0.6528497409326425,
      "dim_Yaw_dir_auc": 0.7112328178694157,
      "dim_Gripper_dev_auc": 0.8943241079470273,
      "dim_Gripper_dir_acc": 0.9226618705035972,
      "dim_Gripper_dir_auc": 0.9809123261080557
    },
    "4": {
      "fail_auc": 0.9951004082993085,
      "fail_acc": 0.9749359156935347,
      "ttf_r2": 0.9708324074745178,
      "ttf_corr": 0.9855710164220224,
      "dim_X_dev_auc": 0.9032840153188804,
      "dim_X_dir_acc": 0.9338235294117647,
      "dim_X_dir_auc": 0.9887956669498725,
      "dim_Y_dev_auc": 0.9317009274201311,
      "dim_Y_dir_acc": 0.9651707970529136,
      "dim_Y_dir_auc": 0.9937260605622605,
      "dim_Z_dev_auc": 0.9261083575956456,
      "dim_Z_dir_acc": 0.9536500579374276,
      "dim_Z_dir_auc": 0.993059461188121,
      "dim_Roll_dev_auc": 0.9322676877092577,
      "dim_Roll_dir_acc": 0.6466165413533834,
      "dim_Roll_dir_auc": 0.6996999547101449,
      "dim_Pitch_dev_auc": 0.9304666508366971,
      "dim_Pitch_dir_acc": 0.6244897959183674,
      "dim_Pitch_dir_auc": 0.6978284254403658,
      "dim_Yaw_dev_auc": 0.9291582653341,
      "dim_Yaw_dir_acc": 0.7114624505928854,
      "dim_Yaw_dir_auc": 0.7808700607902735,
      "dim_Gripper_dev_auc": 0.957741525639071,
      "dim_Gripper_dir_acc": 0.9985714285714286,
      "dim_Gripper_dir_auc": 0.9999909420289855
    },
    "5": {
      "fail_auc": 0.9924266777998122,
      "fail_acc": 0.9388101983002833,
      "ttf_r2": 0.9407128691673279,
      "ttf_corr": 0.9700431633423936,
      "dim_X_dev_auc": 0.9170424927691674,
      "dim_X_dir_acc": 0.9610670511896179,
      "dim_X_dir_auc": 0.9925409242358394,
      "dim_Y_dev_auc": 0.8723729245382787,
      "dim_Y_dir_acc": 0.8582677165354331,
      "dim_Y_dir_auc": 0.8824537037037036,
      "dim_Z_dev_auc": 0.8899945653315411,
      "dim_Z_dir_acc": 0.9507978723404256,
      "dim_Z_dir_auc": 0.9900368318999507,
      "dim_Roll_dev_auc": 0.9447529060328593,
      "dim_Roll_dir_acc": 0.5462962962962963,
      "dim_Roll_dir_auc": 0.5924528301886792,
      "dim_Pitch_dev_auc": 0.9429395193703,
      "dim_Pitch_dir_acc": 0.8702290076335878,
      "dim_Pitch_dir_auc": 0.9436354228267297,
      "dim_Yaw_dev_auc": 0.9281568548206026,
      "dim_Yaw_dir_acc": 0.5480769230769231,
      "dim_Yaw_dir_auc": 0.5405555555555556,
      "dim_Gripper_dev_auc": 0.9448593945830759,
      "dim_Gripper_dir_acc": 1.0,
      "dim_Gripper_dir_auc": 1.0
    },
    "6": {
      "fail_auc": 0.9993996777682138,
      "fail_acc": 0.9881173412551059,
      "ttf_r2": 0.9797903299331665,
      "ttf_corr": 0.990631839472263,
      "dim_X_dev_auc": 0.9513768906191055,
      "dim_X_dir_acc": 0.9701986754966887,
      "dim_X_dir_auc": 0.9962962962962962,