{
  "mode": "strict_zero_shot_task_split",
  "status": "OK",
  "train_task_ids": [
    2,
    3,
    4,
    5,
    6,
    7,
    8,
    9
  ],
  "test_task_ids": [
    0,
    1
  ],
  "metrics": {
    "fail_auc": 0.7225050023225068,
    "fail_acc": 0.7314621657500474,
    "ttf_r2": 0.4685180187225342,
    "ttf_corr": 0.7497413216944441,
    "cosine_sim": 0.27546578645706177,
    "cosine_sim_median": 0.413002610206604,
    "mag_r2": -0.9275377988815308,
    "mag_corr": 0.36399601709769747,
    "mean_error_m": 0.14671099185943604,
    "median_error_m": 0.11939939856529236,
    "X_r2": -0.5441474914550781,
    "X_corr": 0.2906208910142226,
    "X_needs_auc": 0.45798381569938174,
    "X_dir_acc": 0.7818555490311215,
    "X_dir_auc": 0.6804465877775976,
    "Y_r2": -0.7681334018707275,
    "Y_corr": -0.28239084994263886,
    "Y_needs_auc": 0.6319699842929931,
    "Y_dir_acc": 0.5708513708513708,
    "Y_dir_auc": 0.2723320494037704,
    "Z_r2": -0.0029767751693725586,
    "Z_corr": 0.12807470503832766,
    "Z_needs_auc": 0.7011197693578815,
    "Z_dir_acc": 0.78125,
    "Z_dir_auc": 0.5812888765567461,
    "n_test_succ": 100,
    "n_test_fail": 100,
    "n_train_rollouts": 799,
    "n_test_rollouts": 200
  }
}