{
  "mode": "strict_zero_shot_task_split",
  "status": "OK",
  "train_task_ids": [
    0,
    1,
    2,
    3,
    4,
    5,
    6,
    7
  ],
  "test_task_ids": [
    8,
    9
  ],
  "metrics": {
    "fail_auc": 0.5956669345118522,
    "fail_acc": 0.5910275502606106,
    "ttf_r2": 0.6426128149032593,
    "ttf_corr": 0.8235366389365508,
    "cosine_sim": 0.2864691913127899,
    "cosine_sim_median": 0.41298896074295044,
    "mag_r2": -0.7277878522872925,
    "mag_corr": -0.3947891078008623,
    "mean_error_m": 0.18357953429222107,
    "median_error_m": 0.0984543040394783,
    "X_r2": -0.08155858516693115,
    "X_corr": 0.05166422509967455,
    "X_needs_auc": 0.36313237079819694,
    "X_dir_acc": 0.5835588633288228,
    "X_dir_auc": 0.5511068722953678,
    "Y_r2": -0.19900274276733398,
    "Y_corr": -0.21685028220676916,
    "Y_needs_auc": 0.4043833546425856,
    "Y_dir_acc": 0.608869623207736,
    "Y_dir_auc": 0.5259876682577518,
    "Z_r2": -0.45848608016967773,
    "Z_corr": -0.26267915465068004,
    "Z_needs_auc": 0.5183617158007531,
    "Z_dir_acc": 0.6614896988906498,
    "Z_dir_auc": 0.38289700136496063,
    "n_test_succ": 100,
    "n_test_fail": 100,
    "n_train_rollouts": 799,
    "n_test_rollouts": 200
  }
}