{
  "experiment": "true_leave_one_task_out",
  "description": "Train on 9 tasks, test on 1 held-out task, x10 folds",
  "per_task": {
    "0": {
      "fail_auc": 0.7615612648221343,
      "fail_acc": 0.673884938590821,
      "ttf_r2": 0.7404385209083557,
      "ttf_corr": 0.900085197612595,
      "dim_X_dev_auc": 0.7568713376802436,
      "dim_X_dir_acc": 0.8149038461538461,
      "dim_X_dir_auc": 0.910948275862069,
      "dim_Y_dev_auc": 0.6648750210323618,
      "dim_Y_dir_acc": 0.5393258426966292,
      "dim_Y_dir_auc": 0.5834199584199584,
      "dim_Z_dev_auc": 0.7453777939747326,
      "dim_Z_dir_acc": 0.8571428571428571,
      "dim_Z_dir_auc": 0.9555634206357231,
      "dim_Roll_dev_auc": 0.8347809541672905,
      "dim_Roll_dir_acc": 0.5287958115183246,
      "dim_Roll_dir_auc": 0.5485190097259063,
      "dim_Pitch_dev_auc": 0.6634971560611448,
      "dim_Pitch_dir_acc": 0.634020618556701,
      "dim_Pitch_dir_auc": 0.7092695104743297,
      "dim_Yaw_dev_auc": 0.8471813152673202,
      "dim_Yaw_dir_acc": 0.5081967213114754,
      "dim_Yaw_dir_auc": 0.5117140808032512,
      "dim_Gripper_dev_auc": 0.8017937714915919,
      "dim_Gripper_dir_acc": 0.9250720461095101,
      "dim_Gripper_dir_auc": 0.9910778320412554,
      "n_test_samples": 3094,
      "n_test_succ": 12,
      "n_test_fail": 8,
      "n_train_rollouts": 174
    },
    "1": {
      "fail_auc": 0.8238693751538662,
      "fail_acc": 0.7934032216824342,
      "ttf_r2": 0.6596201658248901,
      "ttf_corr": 0.8392798169960943,
      "dim_X_dev_auc": 0.6196220986119478,
      "dim_X_dir_acc": 0.917960088691796,
      "dim_X_dir_auc": 0.9810017783046828,
      "dim_Y_dev_auc": 0.5758198664948638,
      "dim_Y_dir_acc": 0.7467625899280576,
      "dim_Y_dir_auc": 0.8618226381461676,
      "dim_Z_dev_auc": 0.5680023891334693,
      "dim_Z_dir_acc": 0.8949640287769784,
      "dim_Z_dir_auc": 0.9465208266063933,
      "dim_Roll_dev_auc": 0.8254943023871097,
      "dim_Roll_dir_acc": 0.5137614678899083,
      "dim_Roll_dir_auc": 0.5033849538800034,
      "dim_Pitch_dev_auc": 0.7793254044551872,
      "dim_Pitch_dir_acc": 0.5255102040816326,
      "dim_Pitch_dir_auc": 0.5609375,
      "dim_Yaw_dev_auc": 0.8068820502020456,
      "dim_Yaw_dir_acc": 0.551219512195122,
      "dim_Yaw_dir_auc": 0.5739047619047619,
      "dim_Gripper_dev_auc": 0.7329118556350561,
      "dim_Gripper_dir_acc": 0.7304347826086957,
      "dim_Gripper_dir_auc": 0.9145368620037807,
      "n_test_samples": 3911,
      "n_test_succ": 7,
      "n_test_fail": 13,
      "n_train_rollouts": 174
    },
    "2": {
      "fail_auc": 0.7337160030052593,
      "fail_acc": 0.7125541125541126,
      "ttf_r2": 0.6188229918479919,
      "ttf_corr": 0.8308255234340787,
      "dim_X_dev_auc": 0.5103366911043122,
      "dim_X_dir_acc": 0.8529411764705882,
      "dim_X_dir_auc": 0.9209598374372461,
      "dim_Y_dev_auc": 0.6931507959349616,
      "dim_Y_dir_acc": 0.7964071856287425,
      "dim_Y_dir_auc": 0.8172649572649572,
      "dim_Z_dev_auc": 0.747521031428656,
      "dim_Z_dir_acc": 0.8977272727272727,
      "dim_Z_dir_auc": 0.9699624530663329,
      "dim_Roll_dev_auc": 0.8380905200581825,
      "dim_Roll_dir_acc": 0.4887640449438202,
      "dim_Roll_dir_auc": 0.49713631156930127,
      "dim_Pitch_dev_auc": 0.8643634576424231,
      "dim_Pitch_dir_acc": 0.5276073619631901,
      "dim_Pitch_dir_auc": 0.5543510990665462,
      "dim_Yaw_dev_auc": 0.822771753232573,
      "dim_Yaw_dir_acc": 0.5846994535519126,
      "dim_Yaw_dir_auc": 0.5842911877394635,
      "dim_Gripper_dev_auc": 0.8341673389520279,
      "dim_Gripper_dir_acc": 0.9976689976689976,
      "dim_Gripper_dir_auc": 0.9963503649635036,
      "n_test_samples": 2310,
      "n_test_succ": 13,
      "n_test_fail": 5,
      "n_train_rollouts": 176
    },
    "3": {
      "fail_auc": 0.9006279287722586,
      "fail_acc": 0.8010810810810811,
      "ttf_r2": 0.6199710965156555,
      "ttf_corr": 0.8616484020611486,
      "dim_X_dev_auc": 0.5800218686898643,
      "dim_X_dir_acc": 0.7427385892116183,
      "dim_X_dir_auc": 0.8481021394064873,
      "dim_Y_dev_auc": 0.604116284397831,
      "dim_Y_dir_acc": 0.7116564417177914,
      "dim_Y_dir_auc": 0.8098029221882433,
      "dim_Z_dev_auc": 0.5676284198499266,
      "dim_Z_dir_acc": 0.9158249158249159,
      "dim_Z_dir_auc": 0.9580973693825356,
      "dim_Roll_dev_auc": 0.7622540373579288,
      "dim_Roll_dir_acc": 0.5070422535211268,
      "dim_Roll_dir_auc": 0.4885398230088495,
      "dim_Pitch_dev_auc": 0.7102471144162987,
      "dim_Pitch_dir_acc": 0.517948717948718,
      "dim_Pitch_dir_auc": 0.5311973905723906,
      "dim_Yaw_dev_auc": 0.7250186998504012,
      "dim_Yaw_dir_acc": 0.5370370370370371,
      "dim_Yaw_dir_auc": 0.5341368919500646,
      "dim_Gripper_dev_auc": 0.8047289733647232,
      "dim_Gripper_dir_acc": 0.7739463601532567,
      "dim_Gripper_dir_auc": 0.861198992443325,
      "n_test_samples": 1850,
      "n_test_succ": 12,
      "n_test_fail": 4,
      "n_train_rollouts": 178
    },
    "4": {
      "fail_auc": 0.8054131852648642,
      "fail_acc": 0.7245798917687268,
      "ttf_r2": 0.6965808272361755,
      "ttf_corr": 0.8367439413478819,
      "dim_X_dev_auc": 0.7308970766153922,
      "dim_X_dir_acc": 0.8646864686468647,
      "dim_X_dir_auc": 0.8523288973384031,
      "dim_Y_dev_auc": 0.6830124081615294,
      "dim_Y_dir_acc": 0.804159445407279,
      "dim_Y_dir_auc": 0.9075588843993297,
      "dim_Z_dev_auc": 0.6197889766354822,
      "dim_Z_dir_acc": 0.7587628865979381,
      "dim_Z_dir_auc": 0.8669235267092678,
      "dim_Roll_dev_auc": 0.7570554355651548,
      "dim_Roll_dir_acc": 0.5481481481481482,
      "dim_Roll_dir_auc": 0.5505800208917477,
      "dim_Pitch_dev_auc": 0.7771499525643172,
      "dim_Pitch_dir_acc": 0.5889328063241107,
      "dim_Pitch_dir_auc": 0.5812617702448212,
      "dim_Yaw_dev_auc": 0.6694178833976048,
      "dim_Yaw_dir_acc": 0.7279236276849642,
      "dim_Yaw_dir_auc": 0.8070020481310803,
      "dim_Gripper_dev_auc": 0.8514782853782176,
      "dim_Gripper_dir_acc": 0.9928469241773963,
      "dim_Gripper_dir_auc": 0.9996913580246913,
      "n_test_samples": 3511,
      "n_test_succ": 9,
      "n_test_fail": 11,
      "n_train_rollouts": 174
    },
    "5": {
      "fail_auc": 0.7176369898757958,
      "fail_acc": 0.6042492917847025,
      "ttf_r2": 0.7294681072235107,
      "ttf_corr": 0.8625699383042407,
      "dim_X_dev_auc": 0.7552708717671707,
      "dim_X_dir_acc": 0.9393939393939394,
      "dim_X_dir_auc": 0.9697435897435898,
      "dim_Y_dev_auc": 0.7765667648862334,
      "dim_Y_dir_acc": 0.6037735849056604,
      "dim_Y_dir_auc": 0.5565217391304348,
      "dim_Z_dev_auc": 0.6208558437939882,
      "dim_Z_dir_acc": 0.8574938574938575,
      "dim_Z_dir_auc": 0.9652790328108933,
      "dim_Roll_dev_auc": 0.8232535885167465,
      "dim_Roll_dir_acc": 0.5454545454545454,
      "dim_Roll_dir_auc": 0.607603305785124,
      "dim_Pitch_dev_auc": 0.8156507251775047,
      "dim_Pitch_dir_acc": 0.594059405940594,
      "dim_Pitch_dir_auc": 0.6642292490118578,
      "dim_Yaw_dev_auc": 0.7324176894603545,
      "dim_Yaw_dir_acc": 0.5277777777777778,
      "dim_Yaw_dir_auc": 0.5379073756432248,
      "dim_Gripper_dev_auc": 0.7653592652240814,
      "dim_Gripper_dir_acc": 0.8454011741682974,
      "dim_Gripper_dir_auc": 0.971860498198749,
      "n_test_samples": 3530,
      "n_test_succ": 7,
      "n_test_fail": 13,
      "n_train_rollouts": 174
    },
    "6": {
      "fail_auc": 0.8127458120903132,
      "fail_acc": 0.7701448199034534,
      "ttf_r2": 0.7202722430229187,
      "ttf_corr": 0.8568659100808675,
      "dim_X_dev_auc": 0.5189795053431416,
      "dim_X_dir_acc": 0.8131868131868132,
      "dim_X_dir_auc": 0.8579331450094163,
      "dim_Y_dev_auc": 0.3984974188790561,
      "dim_Y_dir_acc": 0.846875,
      "dim_Y_dir_auc": 0.8830075187969926,
      "dim_Z_dev_auc": 0.7316082463763025,
      "dim_Z_dir_acc": 0.9368932038834952,
      "dim_Z_dir_auc": 0.9738359201773835,